"project","old_protected_maf_id","old_public_maf_id","new_protected_maf_id","new_public_maf_id"
"OV","212284d7-4a8b-4d85-895b-f4e00b8734f1","afe3396e-8ce5-4945-9436-450296e68327","3ca77bad-e37e-421d-b0d1-018479ec48ed","9579c7c5-e170-4674-97ab-5dbfe73f78d3"
"UCEC","32c13249-c972-43c3-81b0-0e29e22bc932","6956391b-9945-424e-b0fb-b051096502f8","0cabe424-26df-4084-9c61-3842d2f8faff","a36ead18-ccf9-4257-bc9a-c99d98dfa0f6"
"GBM","36be1c8f-a875-499a-bbb1-8ddca0d218a1","0ffe3d76-ce3d-462d-85ab-f619db8f3c8e","de0fff42-d154-4988-bd5d-8a38035968fd","06406727-4b6a-4665-8013-bd722da45045"
"LUAD","496c2c80-16a5-4306-bac8-804e2c648c2b","49b038ee-06a0-40ea-b563-c87c13c53f80","5987a46c-11ee-4b8b-9563-5ea7d2f5b6dd","ea787780-9587-400c-8084-fa35297a15e8"
"READ","614dee10-e707-4e0e-b702-eaa30f1ecd77","37053fb0-dce3-48d9-8436-c0625a14e43d","c49c62e7-dec8-4b77-9ba5-88d196c8ae94","11da8452-8316-4b29-90fa-12cdaa18c1b7"
"COAD","6a5787bf-f36b-4cd0-b87d-5de5ee7df9cd","43ef7698-3768-44f7-9268-a1e7ea6a806a","929d5e0e-c288-41b3-9ee5-4ee10053e774","706d5716-be1e-4482-a867-61dec69557c8"
"BRCA","7a07a833-4eab-44c9-bbf6-a64bd51c012e","54c2ad32-4033-407f-a30d-dcc0113b6de2","632f6367-2932-4ce0-a37d-ae0060445a4c","9408fdf2-013f-4c09-8821-a709af56b9ff"
"LAML","8409c835-7764-4a68-9676-9a1b299d8ad7","38294ae7-7fbb-478c-80a0-336bbfc86ad4","d11b103b-605c-41e3-a2c6-dfba2abe8af8","2764236f-1cde-42ec-bba1-695bd0060e2d"
"LUSC","89518f42-2d6a-47b3-8141-ffa62b6f6e35","73465271-7147-48de-b588-1fc4062655ae","64da1669-890c-487b-9237-57560d71b237","74e193ff-2f2c-4722-b12d-d3507626ee00"
"KIRC","a87dbe59-b9c2-4560-93c4-ee2ff9c9ba76","092de61e-71f7-4519-87a9-c9a6817b5fd3","c192e506-fa34-4174-b99c-36ae4c257151","aac3f913-ce14-4e70-81c2-00537e9a5128"
