seqname	start	end	strand	gene_id	gene_name	gene_type
chr1	30366	30503	+	ENSG00000274890.1	MIR1302-9	miRNA
chr1	89551	91105	-	ENSG00000239945.1	RP11-34P13.8	lincRNA
chr1	258568	259024	-	ENSG00000241670.3	AP006222.1	processed_pseudogene
chr1	965110	965166	+	ENSG00000277294.1	AL645608.1	miRNA
chr1	1055033	1056116	+	ENSG00000242590.1	RP11-54O7.14	sense_intronic
chr1	1312502	1312566	-	ENSG00000274153.1	MIR6727	miRNA
chr1	1405460	1405752	-	ENSG00000264293.2	RN7SL657P	misc_RNA
chr1	9983141	9984568	+	ENSG00000241326.1	RP11-807G9.2	sense_intronic
chr1	10306465	10306757	+	ENSG00000264501.2	RN7SL731P	misc_RNA
chr1	11843812	11843984	+	ENSG00000276470.1	NPPA-AS1_1	misc_RNA
chr1	11845549	11845697	+	ENSG00000278852.1	NPPA-AS1_2	misc_RNA
chr1	11847442	11847549	+	ENSG00000275915.1	NPPA-AS1_3	misc_RNA
chr1	12824942	12828663	-	ENSG00000279195.1	PRAMEF11	protein_coding
chr1	15659869	15661722	+	ENSG00000215695.1	RSC1A1	protein_coding
chr1	15684472	15684558	+	ENSG00000264048.1	AL121992.1	miRNA
chr1	16873708	16873851	+	ENSG00000277234.1	U1	snRNA
chr1	17413631	17413694	-	ENSG00000266727.1	AC004824.1	miRNA
chr1	20633679	20633788	+	ENSG00000273695.1	MIR6084	miRNA
chr1	23370254	23370346	+	ENSG00000201405.1	Y_RNA	misc_RNA
chr1	25831913	25832134	-	ENSG00000272478.1	RP1-317E23.7	antisense
chr1	27325470	27325553	+	ENSG00000281023.1	FO393419.1	miRNA
chr1	28507366	28507571	+	ENSG00000274266.1	SNORA73A	snoRNA
chr1	28579764	28579893	-	ENSG00000278274.1	SNORA61	snoRNA
chr1	28580381	28580512	-	ENSG00000273544.1	SNORA44	snoRNA
chr1	28580920	28581054	-	ENSG00000280498.1	SNORA16A	snoRNA
chr1	28580920	28581056	-	ENSG00000274582.1	SNORA16A	snoRNA
chr1	28648600	28648730	+	ENSG00000270103.3	RNU11	lincRNA
chr1	32170733	32176568	+	ENSG00000250135.1	RP4-622L5.2	sense_intronic
chr1	35925832	35929610	+	ENSG00000280133.1	RP4-789D17.3	TEC
chr1	37480230	37480289	+	ENSG00000278228.1	MIR6732	miRNA
chr1	43364648	43364715	-	ENSG00000277622.1	MIR6734	miRNA
chr1	44103945	44104079	+	ENSG00000281534.1	AL139220.1	miRNA
chr1	44775864	44775943	+	ENSG00000264294.1	SNORD55	snoRNA
chr1	44778390	44778456	+	ENSG00000207421.1	SNORD38B	snoRNA
chr1	44778390	44778458	+	ENSG00000281859.1	SNORD38B	snoRNA
chr1	44819883	44819997	-	ENSG00000202444.1	RNU5E-6P	snRNA
chr1	47761132	47765547	-	ENSG00000223814.1	RP11-543D5.2	lincRNA
chr1	52150329	52150412	+	ENSG00000281172.1	AL139156.1	miRNA
chr1	62211557	62211666	+	ENSG00000200174.1	Y_RNA	misc_RNA
chr1	67320369	67395580	+	ENSG00000281152.1	IL12RB2	protein_coding
chr1	75787072	75787150	+	ENSG00000206620.1	SNORD45C	snoRNA
chr1	75787889	75787972	+	ENSG00000207241.1	SNORD45A	snoRNA
chr1	75789477	75789548	+	ENSG00000201487.1	SNORD45B	snoRNA
chr1	81990753	81990806	+	ENSG00000274207.1	AC113949.1	miRNA
chr1	92229256	92229339	-	ENSG00000265543.1	AL451010.1	miRNA
chr1	92837289	92837383	+	ENSG00000206680.1	SNORD21	snoRNA
chr1	98045242	98045351	-	ENSG00000276280.1	MIR2682	miRNA
chr1	98046070	98046171	-	ENSG00000277990.1	MIR137	miRNA
chr1	103569553	103570674	+	ENSG00000236085.1	ACTG1P4	processed_pseudogene
chr1	109100193	109100612	+	ENSG00000278249.1	SCARNA2	scaRNA
chr1	109596225	109597781	+	ENSG00000225113.1	RP5-1160K1.3	sense_overlapping
chr1	109598893	109598967	+	ENSG00000207709.2	MIR197	miRNA
chr1	145281116	145281279	+	ENSG00000207501.1	RNVU1-14	snRNA
chr1	151765709	151766389	+	ENSG00000232937.1	RP11-98D18.2	sense_intronic
chr1	155925958	155926085	-	ENSG00000280466.1	SCARNA15	scaRNA
chr1	158578919	158579899	-	ENSG00000186400.3	OR10X1	protein_coding
chr1	158578919	158579899	-	ENSG00000279111.1	OR10X1	polymorphic_pseudogene
chr1	160205377	160205464	+	ENSG00000265381.1	AL121987.1	miRNA
chr1	165662585	165662687	-	ENSG00000206990.1	Y_RNA	misc_RNA
chr1	170370213	170370295	-	ENSG00000263384.1	AL354732.1	miRNA
chr1	172138798	172138907	-	ENSG00000207949.1	MIR214	miRNA
chr1	182944402	182944454	-	ENSG00000281615.1	AL450304.2	miRNA
chr1	182959485	182959575	-	ENSG00000264768.1	AL450304.1	miRNA
chr1	186311825	186311928	-	ENSG00000202025.1	RNU6-1240P	snRNA
chr1	201464383	201465146	-	ENSG00000224818.1	RP11-134G8.10	3prime_overlapping_ncrna
chr1	201520056	201520549	+	ENSG00000242150.2	RP11-134G8.6	transcribed_processed_pseudogene
chr1	202873294	202874326	+	ENSG00000243113.1	RP11-480I12.9	transcribed_processed_pseudogene
chr1	207801845	207801956	-	ENSG00000275668.1	AL035209.1	miRNA
chr1	207802440	207802523	-	ENSG00000276752.1	MIR29B2	miRNA
chr1	218442626	218443996	+	ENSG00000281453.1	TGFB2-OT1	3prime_overlapping_ncrna
chr1	220571834	220571899	-	ENSG00000281158.1	AC096640.1	miRNA
chr1	220825776	220825893	+	ENSG00000276642.1	U6atac	snRNA
chr1	225922080	225922142	-	ENSG00000274674.1	MIR6741	miRNA
chr1	227430526	227430976	+	ENSG00000242757.1	CTD-2090I13.3	processed_pseudogene
chr1	228097263	228097341	+	ENSG00000264944.1	MIR3620	miRNA
chr1	228397048	228397109	-	ENSG00000278067.1	MIR6742	miRNA
chr1	228628176	228628234	-	ENSG00000281588.1	AL713899.1	miRNA
chr1	229304857	229305504	+	ENSG00000213029.3	SPHAR	protein_coding
chr1	229440284	229441020	-	ENSG00000226920.1	RP5-1068B5.5	3prime_overlapping_ncrna
chr1	231019828	231019924	-	ENSG00000221290.1	MIR1182	miRNA
chr1	232223059	232223141	+	ENSG00000281475.1	BX323014.1	miRNA
chr1	236483165	236484468	+	ENSG00000244457.2	ENO1P1	transcribed_processed_pseudogene
chr1	237926831	237927605	+	ENSG00000243781.1	RP11-193H5.2	transcribed_processed_pseudogene
chr1	245749563	246355081	-	ENSG00000280657.1	SMYD3	protein_coding
chr1	247201967	247202060	-	ENSG00000263568.1	MIR3916	miRNA
chr1	247948858	247949796	+	ENSG00000196936.3	OR2L8	protein_coding
chr1	247948858	247949796	+	ENSG00000279263.1	OR2L8	polymorphic_pseudogene
chr1	248626178	248627128	-	ENSG00000183130.3	OR2T11	protein_coding
chr1	248721993	248722201	-	ENSG00000242529.1	AHCYP8	processed_pseudogene
chr2	10691538	10691831	+	ENSG00000277446.1	Metazoa_SRP	misc_RNA
chr2	20401650	20401706	-	ENSG00000281337.1	AC007041.1	miRNA
chr2	31823018	31823106	-	ENSG00000265267.1	AL121652.3	miRNA
chr2	60925909	60931610	+	ENSG00000267520.2	RP11-373L24.1	3prime_overlapping_ncrna
chr2	61177554	61177636	+	ENSG00000280672.1	AC016747.1	miRNA
chr2	62146413	62147153	+	ENSG00000242735.1	AC018462.3	processed_pseudogene
chr2	64817586	64817668	+	ENSG00000280945.1	AC007880.2	miRNA
chr2	65667256	65667346	+	ENSG00000265899.1	AC007389.4	miRNA
chr2	85567662	85567737	-	ENSG00000280656.1	AC016753.1	miRNA
chr2	88860886	88860922	-	ENSG00000211594.2	IGKJ4	IG_J_gene
chr2	88861221	88861258	-	ENSG00000211595.2	IGKJ3	IG_J_gene
chr2	88861525	88861563	-	ENSG00000211596.3	IGKJ2	IG_J_gene
chr2	88861886	88861923	-	ENSG00000211597.2	IGKJ1	IG_J_gene
chr2	96809473	96809614	+	ENSG00000280510.1	AC092636.2	miRNA
chr2	110126732	110126824	-	ENSG00000212091.1	AC013268.1	miRNA
chr2	113596000	113596067	+	ENSG00000276624.1	AL078621.1	miRNA
chr2	127846736	127847084	-	ENSG00000244563.1	AC006011.4	processed_pseudogene
chr2	130929762	130929883	-	ENSG00000281159.1	SCARNA15	scaRNA
chr2	131491160	131491236	-	ENSG00000265575.1	MIR4784	miRNA
chr2	132152243	132152349	-	ENSG00000239108.1	RNU6-1132P	snRNA
chr2	144518447	144518574	+	ENSG00000275372.1	ZEB2_AS1_1	misc_RNA
chr2	144520456	144520555	+	ENSG00000273537.1	ZEB2_AS1_3	misc_RNA
chr2	144521039	144521116	+	ENSG00000277444.1	ZEB2_AS1_4	misc_RNA
chr2	159462417	159463256	-	ENSG00000225369.1	AC009506.2	processed_pseudogene
chr2	160407810	160407882	-	ENSG00000263948.1	MIR4785	miRNA
chr2	175176493	175176586	-	ENSG00000200121.2	Y_RNA	misc_RNA
chr2	176188843	176188901	+	ENSG00000277284.1	MIR7704	miRNA
chr2	177212726	177212799	+	ENSG00000263721.1	MIR4444-1	miRNA
chr2	178831371	178831449	-	ENSG00000238542.1	RNU7-104P	snRNA
chr2	179934402	179934527	-	ENSG00000202216.2	SNORA17	snoRNA
chr2	182314454	182314536	+	ENSG00000281257.1	AC012500.1	miRNA
chr2	182788098	182788435	+	ENSG00000232430.1	RPL31P15	processed_pseudogene
chr2	188974419	188974555	+	ENSG00000281204.1	AC066694.1	miRNA
chr2	189311671	189311761	-	ENSG00000266817.1	AC118063.1	miRNA
chr2	190880854	190880942	+	ENSG00000280517.1	AC005540.1	miRNA
chr2	192775943	192776073	+	ENSG00000278406.1	PCGEM1	misc_RNA
chr2	201166965	201167546	+	ENSG00000234431.2	AC007283.5	3prime_overlapping_ncrna
chr2	201621646	201623430	-	ENSG00000241790.2	ENO1P4	processed_pseudogene
chr2	202115167	202115260	-	ENSG00000274633.1	AC079354.1	miRNA
chr2	202333642	202333724	+	ENSG00000281619.1	AC064836.1	miRNA
chr2	202773720	202774360	-	ENSG00000240761.1	AC098831.4	processed_pseudogene
chr2	203190780	203191277	+	ENSG00000204196.5	AC011737.2	processed_pseudogene
chr2	203764707	203764798	-	ENSG00000211573.2	AC125238.1	miRNA
chr2	206116110	206116500	-	ENSG00000237580.1	GCSHP3	processed_pseudogene
chr2	206160843	206161024	+	ENSG00000277502.1	uc_338	misc_RNA
chr2	206162228	206162359	+	ENSG00000207406.1	SNORA41	snoRNA
chr2	207754807	207754881	+	ENSG00000264900.1	MIR4775	miRNA
chr2	218280125	218280188	-	ENSG00000274203.1	MIR6513	miRNA
chr2	230176665	230221721	-	ENSG00000280755.1	SP110	protein_coding
chr2	231456444	231456523	-	ENSG00000207280.1	SNORD20	snoRNA
chr2	231711525	231711647	+	ENSG00000277986.1	U4	snRNA
chr2	232550474	232550573	-	ENSG00000266620.1	MIR5001	miRNA
chr2	233865496	233867359	-	ENSG00000279809.1	AC005538.3	TEC
chr2	239091759	239091836	-	ENSG00000281838.1	AC017028.12	miRNA
chr3	8931506	8931631	+	ENSG00000199815.2	SNORA17	snoRNA
chr3	12071038	12071121	+	ENSG00000265870.1	AC026166.1	miRNA
chr3	12840294	12840396	-	ENSG00000281117.1	AC034198.1	miRNA
chr3	12840312	12840450	-	ENSG00000207496.1	SNORA7A	snoRNA
chr3	12850659	12850860	+	ENSG00000250939.2	AC034198.7	transcribed_unprocessed_pseudogene
chr3	15738657	15738718	+	ENSG00000281814.1	AC090950.1	miRNA
chr3	16933196	16933260	+	ENSG00000264818.1	MIR3714	miRNA
chr3	24096512	24097360	-	ENSG00000242109.1	NPM1P23	transcribed_processed_pseudogene
chr3	30304321	30304536	-	ENSG00000281710.1	U3	snoRNA
chr3	32259728	32259819	+	ENSG00000207857.2	AC097639.1	miRNA
chr3	38125292	38125394	-	ENSG00000201965.1	Y_RNA	misc_RNA
chr3	39408389	39408539	+	ENSG00000206760.1	SNORA6	snoRNA
chr3	39411054	39411206	+	ENSG00000202363.1	SNORA62	snoRNA
chr3	44629284	44629372	+	ENSG00000280942.1	AC099669.1	miRNA
chr3	44861888	44861981	+	ENSG00000207783.1	MIR564	miRNA
chr3	48094801	48094876	-	ENSG00000281068.1	AC124916.1	miRNA
chr3	48094888	48094957	-	ENSG00000281238.1	AC124916.2	miRNA
chr3	48465811	48467645	+	ENSG00000213689.8	TREX1	protein_coding
chr3	48633636	48633698	-	ENSG00000274831.1	MIR6824	miRNA
chr3	49099854	49099914	-	ENSG00000274888.1	MIR6890	miRNA
chr3	49806137	49806245	-	ENSG00000263506.1	MIR5193	miRNA
chr3	49863381	49863464	-	ENSG00000281278.1	AC139451.2	miRNA
chr3	50273236	50273297	+	ENSG00000274596.1	MIR6872	miRNA
chr3	52690744	52690827	+	ENSG00000238862.1	SNORD19B	snoRNA
chr3	64099273	64101122	+	ENSG00000241572.1	PRICKLE2-AS1	antisense
chr3	98264285	98265262	+	ENSG00000230301.4	OR5H6	protein_coding
chr3	98264285	98265262	+	ENSG00000279922.1	OR5H6	polymorphic_pseudogene
chr3	116716460	116716624	+	ENSG00000278072.1	AC108713.1	misc_RNA
chr3	123161794	123161879	+	ENSG00000275891.1	MIR7110	miRNA
chr3	124723788	124726325	+	ENSG00000260391.2	RP11-71H17.7	sense_overlapping
chr3	124792319	124792562	-	ENSG00000276626.1	7SK	misc_RNA
chr3	126571789	126572636	-	ENSG00000206483.5	TXNRD3NB	protein_coding
chr3	128673691	128673771	-	ENSG00000280957.1	AC079945.1	miRNA
chr3	134437827	134437906	+	ENSG00000263554.1	MIR4788	miRNA
chr3	139233414	139233520	+	ENSG00000276304.1	PISRT1	misc_RNA
chr3	139494618	139494701	+	ENSG00000263538.1	AC097103.1	miRNA
chr3	149779009	149779108	-	ENSG00000251854.1	RNU6-507P	snRNA
chr3	151079506	151079584	+	ENSG00000276055.1	CLRN1-AS1	misc_RNA
chr3	169764610	169765047	-	ENSG00000277925.1	Telomerase-vert	misc_RNA
chr3	169945987	169946754	-	ENSG00000244193.1	RP11-379K17.5	transcribed_processed_pseudogene
chr3	181610498	181610729	+	ENSG00000276074.1	SOX2OT_exon1	misc_RNA
chr3	181699608	181699883	+	ENSG00000276690.1	SOX2OT_exon3	misc_RNA
chr3	181699705	181699783	+	ENSG00000281596.1	AC117415.1	miRNA
chr3	183453814	183453944	+	ENSG00000199363.1	SNORA63	snoRNA
chr3	186784796	186784864	+	ENSG00000238942.1	SNORD2	snoRNA
chr3	186786323	186786445	+	ENSG00000200418.1	SNORA63	snoRNA
chr3	186786672	186786777	+	ENSG00000281017.1	MIR1248	miRNA
chr3	186786675	186786852	+	ENSG00000221420.2	SNORA81	snoRNA
chr3	186787300	186787431	+	ENSG00000200320.1	SNORA63	snoRNA
chr3	186787612	186787749	+	ENSG00000263776.1	SNORA4	snoRNA
chr3	190659216	190659750	+	ENSG00000273370.1	RP11-268E23.2	lincRNA
chr3	195658096	195685904	+	ENSG00000215837.7	SDHAP2	transcribed_unprocessed_pseudogene
chr3	195688008	195688120	+	ENSG00000276635.1	AC233280.3	miRNA
chr3	197674496	197674576	-	ENSG00000216042.1	MIR922	miRNA
chr4	1986384	1986477	-	ENSG00000216105.1	MIR943	miRNA
chr4	2250077	2250156	-	ENSG00000265080.1	MIR4800	miRNA
chr4	56097422	56097481	+	ENSG00000280464.1	AC092627.1	miRNA
chr4	56794354	56794438	-	ENSG00000281241.1	AC022483.1	miRNA
chr4	88275205	88275308	-	ENSG00000200469.1	RNU6-112P	snRNA
chr4	88521573	88521789	-	ENSG00000255072.1	PIGY	protein_coding
chr4	88710147	88710265	+	ENSG00000278151.1	FAM13A-AS1_1	misc_RNA
chr4	98929914	98929993	-	ENSG00000238449.2	AC019131.1	miRNA
chr4	108789200	108789262	-	ENSG00000265522.1	AC097473.1	miRNA
chr4	118279190	118279320	+	ENSG00000275994.1	SNORA24	snoRNA
chr4	122827014	122827090	+	ENSG00000253069.1	AC021205.1	miRNA
chr4	135371590	135371681	-	ENSG00000207849.2	AC108867.1	miRNA
chr4	146639261	146639343	+	ENSG00000264323.1	AC093887.1	miRNA
chr4	151103827	151103891	+	ENSG00000208797.1	SNORD73A	snoRNA
chr4	152536428	152536516	+	ENSG00000277685.1	MIR4453	miRNA
chr4	190065233	190065914	+	ENSG00000277162.1	DBET	processed_pseudogene
chr4	190175141	190175224	+	ENSG00000274222.1	AC215524.1	miRNA
chr5	8460925	8460999	+	ENSG00000273868.1	MIR4458	miRNA
chr5	10195187	10197622	-	ENSG00000271998.1	CTD-2199O4.7	lincRNA
chr5	18958153	18958237	-	ENSG00000281138.1	AC114981.1	miRNA
chr5	31249879	31250200	+	ENSG00000250482.2	RP11-152K4.1	processed_pseudogene
chr5	32379407	32379467	-	ENSG00000222961.1	AC008949.1	miRNA
chr5	52903908	52904478	+	ENSG00000241809.1	CTD-2207L17.1	processed_pseudogene
chr5	57481820	57481903	-	ENSG00000264748.1	AC025470.1	miRNA
chr5	60487713	60487929	+	ENSG00000273701.1	PART1_1	misc_RNA
chr5	60488078	60488327	+	ENSG00000275634.1	PART1_2	misc_RNA
chr5	60546219	60546349	+	ENSG00000276233.1	PART1_3	misc_RNA
chr5	69160808	69160939	+	ENSG00000280894.1	SNORA76	snoRNA
chr5	74779309	74779413	+	ENSG00000199645.1	RNU6-1330P	snRNA
chr5	88666853	88666939	-	ENSG00000273878.1	MIR9-2	miRNA
chr5	91313057	91314402	-	ENSG00000271762.1	RP11-213H15.4	lincRNA
chr5	91844022	91844116	-	ENSG00000276426.1	uc_338	misc_RNA
chr5	93620696	93620788	-	ENSG00000251725.1	MIR2277	miRNA
chr5	131427266	131635030	-	ENSG00000281164.1	RAPGEF6	protein_coding
chr5	136080497	136080597	-	ENSG00000278815.1	VTRNA2-1	misc_RNA
chr5	136133696	136133826	+	ENSG00000275646.1	SMAD5-AS1_2	misc_RNA
chr5	140563671	140563751	-	ENSG00000274910.1	MIR6831	miRNA
chr5	140861224	140863521	+	ENSG00000249504.3	PCDHA14	transcribed_unprocessed_pseudogene
chr5	141479535	141479617	+	ENSG00000281646.1	AC008781.1	miRNA
chr5	149430646	149430733	+	ENSG00000276365.1	MIR145	miRNA
chr5	155845469	155845527	+	ENSG00000280546.1	AC140677.1	miRNA
chr5	160485352	160485450	+	ENSG00000277727.1	MIR146A	miRNA
chr5	168552277	168553727	-	ENSG00000253861.1	SLC2A3P1	processed_pseudogene
chr5	178884715	178884879	+	ENSG00000206624.1	RNU1-39P	snRNA
chr5	181241814	181241892	-	ENSG00000272296.1	SNORD96A	snoRNA
chr5	181243312	181243379	-	ENSG00000264549.1	SNORD95	snoRNA
chr6	6347081	6347381	-	ENSG00000241216.1	SNAPC5P1	transcribed_processed_pseudogene
chr6	8653558	8653797	+	ENSG00000276019.1	HULC	misc_RNA
chr6	16301693	16301824	-	ENSG00000281447.1	AL009031.1	miRNA
chr6	20421686	20421749	-	ENSG00000281428.1	AL136303.2	miRNA
chr6	24839967	24840065	-	ENSG00000263391.1	AL512428.1	miRNA
chr6	27837957	27838094	+	ENSG00000281435.1	Z98744.1	miRNA
chr6	28977613	28977709	+	ENSG00000280628.1	AL662791.1	miRNA
chr6	29396700	29397623	+	ENSG00000168787.6	OR12D2	protein_coding
chr6	29440016	29440954	+	ENSG00000279941.1	OR10C1	protein_coding
chr6	29726669	29727139	-	ENSG00000239257.1	RPL23AP1	transcribed_processed_pseudogene
chr6	30061080	30061183	+	ENSG00000278773.1	ZNRD1-AS1_3	misc_RNA
chr6	30890883	30890972	+	ENSG00000264594.1	MIR4640	miRNA
chr6	31532757	31532869	-	ENSG00000276877.1	AL662801.1	miRNA
chr6	31541101	31541178	-	ENSG00000265236.1	SNORD84	snoRNA
chr6	31837076	31837142	+	ENSG00000201754.1	SNORD52	snoRNA
chr6	31956839	31956940	-	ENSG00000221267.1	MIR1236	miRNA
chr6	32936916	32937010	-	ENSG00000212066.1	AL645941.1	miRNA
chr6	33290245	33290325	+	ENSG00000275010.1	MIR6834	miRNA
chr6	34873831	34873927	+	ENSG00000252106.2	RNY3P15	misc_RNA
chr6	41787662	41789898	+	ENSG00000214736.6	TOMM6	protein_coding
chr6	42155426	42163439	+	ENSG00000214732.2	RP1-139D8.6	protein_coding
chr6	44254206	44254285	-	ENSG00000265700.1	MIR4647	miRNA
chr6	53090961	53091257	+	ENSG00000242865.3	RN7SL244P	misc_RNA
chr6	56432379	56432442	-	ENSG00000266793.1	AL137008.1	miRNA
chr6	71585089	71585201	+	ENSG00000211530.1	AL354933.1	miRNA
chr6	85677294	85677368	-	ENSG00000281147.1	SNORD50A	snoRNA
chr6	85677589	85677658	-	ENSG00000275072.1	SNORD50B	snoRNA
chr6	88276125	88276208	-	ENSG00000281199.1	AL139042.1	miRNA
chr6	110440082	110440165	-	ENSG00000281088.1	AC002464.1	miRNA
chr6	112361848	112361939	-	ENSG00000266485.1	AL365214.1	miRNA
chr6	116457732	116457822	-	ENSG00000265516.1	Z84488.1	miRNA
chr6	136034553	136034886	-	ENSG00000213111.5	COX5BP2	transcribed_processed_pseudogene
chr6	136343193	136343249	-	ENSG00000276943.1	AL023284.1	miRNA
chr6	159785594	159785733	-	ENSG00000206910.1	SNORA29	snoRNA
chr6	166099853	166099924	+	ENSG00000276643.1	SNORD45	snoRNA
chr7	2257515	2257577	-	ENSG00000277102.1	MIR6836	miRNA
chr7	5528103	5528186	-	ENSG00000263900.1	AC006483.1	miRNA
chr7	7742091	7742535	-	ENSG00000269721.1	RPL23AP51	transcribed_processed_pseudogene
chr7	12654179	12654985	+	ENSG00000229233.1	CTD-2320J21.2	sense_overlapping
chr7	27096124	27096248	+	ENSG00000276528.1	HOTAIRM1_1	misc_RNA
chr7	27098900	27099114	+	ENSG00000276771.1	HOTAIRM1_2	misc_RNA
chr7	27099778	27099836	+	ENSG00000274864.1	HOTAIRM1_3	misc_RNA
chr7	27099856	27099957	+	ENSG00000274396.1	HOTAIRM1_4	misc_RNA
chr7	27099967	27100111	+	ENSG00000277694.1	HOTAIRM1_5	misc_RNA
chr7	27169480	27169564	-	ENSG00000207584.1	MIR196B	miRNA
chr7	27185433	27185530	+	ENSG00000273961.1	HOXA11-AS1_1	misc_RNA
chr7	27185832	27186018	+	ENSG00000278334.1	HOXA11-AS1_2	misc_RNA
chr7	27186166	27186263	+	ENSG00000276496.1	HOXA11-AS1_3	misc_RNA
chr7	27188816	27188994	+	ENSG00000278020.1	HOXA11-AS1_6	misc_RNA
chr7	27200465	27200521	+	ENSG00000276609.1	HOTTIP_1	misc_RNA
chr7	27201844	27202219	+	ENSG00000278708.1	HOTTIP_2	misc_RNA
chr7	27202302	27202638	+	ENSG00000277469.1	HOTTIP_3	misc_RNA
chr7	27206139	27206303	+	ENSG00000277553.1	HOTTIP_4	misc_RNA
chr7	30157531	30159534	+	ENSG00000251660.1	AC007036.5	sense_overlapping
chr7	39609717	39610280	+	ENSG00000106540.4	AC004837.3	processed_pseudogene
chr7	40128121	40128232	-	ENSG00000199273.1	Y_RNA	misc_RNA
chr7	44051766	44051829	+	ENSG00000274083.1	MIR6837	miRNA
chr7	44064908	44066079	+	ENSG00000239775.1	AC017116.11	sense_overlapping
chr7	44110849	44110912	+	ENSG00000264652.1	MIR4649	miRNA
chr7	44881748	44881800	-	ENSG00000264326.1	MIR4657	miRNA
chr7	44985378	44985510	-	ENSG00000277184.1	SNORA9	snoRNA
chr7	45105968	45106099	-	ENSG00000200656.1	SNORA5B	snoRNA
chr7	65038372	65038565	+	ENSG00000239985.2	RP11-460N20.3	unprocessed_pseudogene
chr7	66980335	66980409	+	ENSG00000280772.1	AC079920.1	miRNA
chr7	75237293	75237405	-	ENSG00000275121.1	CH17-232I21.1	processed_pseudogene
chr7	75474707	75486108	-	ENSG00000242073.2	AC006014.7	transcribed_unprocessed_pseudogene
chr7	75915197	75915269	+	ENSG00000265020.1	MIR4651	miRNA
chr7	84939349	84940245	-	ENSG00000232019.1	AC074183.4	lincRNA
chr7	90403434	90513391	+	ENSG00000273299.1	CTB-13L3.1	processed_transcript
chr7	95156606	95156671	-	ENSG00000277296.1	AC002429.1	miRNA
chr7	100352360	100353692	+	ENSG00000235333.3	PVRIG2P	transcribed_unprocessed_pseudogene
chr7	100356651	100356721	+	ENSG00000278005.1	MIR6840	miRNA
chr7	100868036	100868107	+	ENSG00000273985.1	MIR6875	miRNA
chr7	101058299	101058567	+	ENSG00000222636.1	RN7SKP54	misc_RNA
chr7	102465742	102465826	+	ENSG00000266715.1	MIR5090	miRNA
chr7	102471469	102471531	+	ENSG00000264471.1	MIR4467	miRNA
chr7	105014152	105014199	-	ENSG00000280574.1	AC007384.1	miRNA
chr7	112288623	112288952	+	ENSG00000202406.1	RN7SKP187	misc_RNA
chr7	114629855	114629956	+	ENSG00000266229.1	AC020606.1	miRNA
chr7	116954480	116954679	+	ENSG00000273596.1	ST7-OT4_1	misc_RNA
chr7	116956431	116956723	+	ENSG00000276100.1	ST7-OT4_3	misc_RNA
chr7	116959593	116959805	+	ENSG00000274606.1	ST7-OT4_4	misc_RNA
chr7	117020211	117020319	+	ENSG00000275870.1	MIR6132	miRNA
chr7	117184126	117184199	+	ENSG00000275054.1	ST7-OT3_1	misc_RNA
chr7	117191647	117191761	+	ENSG00000278482.1	ST7-OT3_3	misc_RNA
chr7	121050927	121051203	+	ENSG00000234927.1	HMGN1P18	processed_pseudogene
chr7	128466563	128469171	+	ENSG00000272601.1	RP11-155G14.5	transcribed_unprocessed_pseudogene
chr7	129756266	129756377	+	ENSG00000212238.1	RNA5SP244	rRNA
chr7	130877459	130877539	-	ENSG00000274250.1	MIR29B1	miRNA
chr7	135927274	135927450	-	ENSG00000267697.1	LUZP6	protein_coding
chr7	138123758	138123821	+	ENSG00000266193.1	MIR4468	miRNA
chr7	140645966	140646034	+	ENSG00000280499.1	AC006452.2	miRNA
chr7	142797119	142797166	+	ENSG00000211769.1	TRBJ2-5	TR_J_gene
chr7	142797239	142797291	+	ENSG00000211770.1	TRBJ2-6	TR_J_gene
chr7	143959971	143960924	+	ENSG00000279723.1	OR2F1	protein_coding
chr7	151238421	151238538	+	ENSG00000211517.1	MIR671	miRNA
chr8	8582352	8582427	-	ENSG00000281480.1	AC114550.1	miRNA
chr8	9903388	9903472	-	ENSG00000275677.1	MIR124-1	miRNA
chr8	20290174	20290289	+	ENSG00000274467.1	5S_rRNA	rRNA
chr8	27610601	27610751	-	ENSG00000273705.1	MIR6843	miRNA
chr8	56073835	56073901	-	ENSG00000238650.1	SNORD54	snoRNA
chr8	66922467	66922555	-	ENSG00000254341.2	SNORD87	snoRNA
chr8	70480192	70480487	-	ENSG00000275128.1	Metazoa_SRP	misc_RNA
chr8	73982125	73982467	+	ENSG00000244295.2	RPS20P21	processed_pseudogene
chr8	80484589	80484683	-	ENSG00000277604.1	Y_RNA	misc_RNA
chr8	86657870	86657952	-	ENSG00000221137.1	AC013751.1	miRNA
chr8	93916022	93916119	-	ENSG00000276513.1	MIR378D2	miRNA
chr8	98192205	98192313	-	ENSG00000252558.1	RNU6-914P	snRNA
chr8	100702968	100703024	-	ENSG00000277719.1	MIR7705	miRNA
chr8	116874728	116874800	-	ENSG00000264875.1	MIR3610	miRNA
chr8	117164179	117164255	+	ENSG00000281002.1	AC084114.1	miRNA
chr8	127794541	127794734	+	ENSG00000276443.1	PVT1_1	misc_RNA
chr8	127795962	127796028	+	ENSG00000275264.1	MIR1204	miRNA
chr8	127890626	127890720	+	ENSG00000278324.1	PVT1_3	misc_RNA
chr8	133229056	133229697	+	ENSG00000270132.1	WISP1-OT1	sense_intronic
chr8	134598071	134598149	+	ENSG00000276140.1	ZFAT-AS1_1	misc_RNA
chr8	134598318	134598518	+	ENSG00000277732.1	ZFAT-AS1_2	misc_RNA
chr8	134600257	134600336	+	ENSG00000278454.1	ZFAT-AS1_3	misc_RNA
chr8	143542110	143542398	+	ENSG00000275558.1	7SK	misc_RNA
chr8	143579636	143580670	+	ENSG00000254741.1	RP11-661A12.7	antisense
chr8	143837756	143837816	-	ENSG00000274094.1	MIR6845	miRNA
chr8	144079874	144079942	+	ENSG00000276472.1	MIR6847	miRNA
chr8	144262673	144262737	-	ENSG00000277158.1	MIR7112	miRNA
chr8	144314590	144315138	-	ENSG00000254690.1	GS1-393G12.12	antisense
chr8	144394149	144394230	-	ENSG00000216133.1	MIR939	miRNA
chr8	144400086	144400165	-	ENSG00000266624.1	MIR1234	miRNA
chr8	144400277	144400345	-	ENSG00000274683.1	MIR6849	miRNA
chr9	30144	30281	+	ENSG00000278579.1	MIR1302-2	miRNA
chr9	4834156	4860275	+	ENSG00000281007.1	AL158147.2	protein_coding
chr9	30774228	30774319	+	ENSG00000211510.2	AL590726.1	miRNA
chr9	33042109	33042216	-	ENSG00000222169.1	AL162590.1	miRNA
chr9	35449748	35450352	+	ENSG00000244213.1	ZFAND6P1	processed_pseudogene
chr9	35657754	35658017	-	ENSG00000277027.1	RNase_MRP	ribozyme
chr9	35811476	35811550	-	ENSG00000263448.1	AL133410.1	miRNA
chr9	35957139	35958098	-	ENSG00000122718.5	OR2S2	protein_coding
chr9	37434177	37434586	+	ENSG00000236156.2	CHCHD4P3	processed_pseudogene
chr9	38542314	38542569	-	ENSG00000259898.1	CYP4F33P	processed_pseudogene
chr9	38542389	38543215	-	ENSG00000272934.1	RP11-392E22.10	processed_transcript
chr9	38543104	38543446	-	ENSG00000250989.1	RP11-392E22.5	processed_pseudogene
chr9	39173794	39174513	-	ENSG00000243695.1	RP11-290L7.3	processed_pseudogene
chr9	41280460	41280787	+	ENSG00000278647.1	RP11-4L24.2	transcribed_processed_pseudogene
chr9	69428248	69428721	-	ENSG00000243888.1	RP11-548B3.3	3prime_overlapping_ncrna
chr9	76785782	76786190	+	ENSG00000277320.1	PCA3_2	misc_RNA
chr9	79726069	79726321	+	ENSG00000240979.1	RP11-79D8.2	processed_pseudogene
chr9	83969748	83969857	-	ENSG00000207603.1	MIR7-1	miRNA
chr9	97700234	97700325	+	ENSG00000266608.1	AL445531.1	miRNA
chr9	100732033	100732116	+	ENSG00000281312.1	AL390876.1	miRNA
chr9	122628579	122629535	-	ENSG00000171484.4	OR1B1	protein_coding
chr9	123111546	123111643	-	ENSG00000274325.1	MIR600	miRNA
chr9	127690687	127690795	-	ENSG00000264329.1	MIR3911	miRNA
chr9	127785833	127785923	+	ENSG00000266070.1	MIR3960	miRNA
chr9	127785836	127785905	+	ENSG00000281546.1	AL162586.1	miRNA
chr9	128260749	128260817	-	ENSG00000274982.1	AL590708.3	miRNA
chr9	128391461	128392016	+	ENSG00000272593.1	RP11-339B21.11	lincRNA
chr9	128392618	128392714	-	ENSG00000273685.1	MIR219B	miRNA
chr9	129040566	129040674	+	ENSG00000280692.1	AL592211.1	miRNA
chr9	133349396	133349470	+	ENSG00000206611.1	SNORD24	snoRNA
chr9	133350095	133350168	+	ENSG00000200831.1	SNORD36B	snoRNA
chr9	133350456	133350528	+	ENSG00000199744.1	SNORD36A	snoRNA
chr9	136726104	136726239	-	ENSG00000280496.1	SNORA43	snoRNA
chr9	136726105	136726234	-	ENSG00000276161.1	SNORA17	snoRNA
chr9	136726747	136726879	-	ENSG00000274998.1	SNORA17	snoRNA
chr9	136726748	136726879	-	ENSG00000281808.1	SNORA17	snoRNA
chr9	137450026	137450086	-	ENSG00000276682.1	MIR7114	miRNA
chr10	5861805	5862594	-	ENSG00000240180.1	RP11-318E3.4	processed_pseudogene
chr10	32346864	32346946	-	ENSG00000222309.1	AL391839.1	miRNA
chr10	35641172	35641252	-	ENSG00000264780.1	MIR4683	miRNA
chr10	42470082	42470268	-	ENSG00000279239.1	RP11-178A10.3	transcribed_unprocessed_pseudogene
chr10	77912280	77912362	-	ENSG00000281632.1	AL391421.1	miRNA
chr10	86751611	86751772	-	ENSG00000281735.1	Clostridiales-1	sRNA
chr10	86970237	86970826	-	ENSG00000273413.1	RP11-96C23.15	antisense
chr10	87001636	87009905	+	ENSG00000261011.1	RP11-96C23.11	transcribed_unprocessed_pseudogene
chr10	89644603	89645223	-	ENSG00000249962.1	RP11-80H5.5	processed_pseudogene
chr10	102409042	102409102	-	ENSG00000275957.1	AL121928.1	miRNA
chr10	110898090	110898155	+	ENSG00000265827.1	MIR4680	miRNA
chr10	114174105	114174179	-	ENSG00000238742.1	MIR2110	miRNA
chr10	127013501	127026475	-	ENSG00000232935.2	RP11-223P11.2	antisense
chr11	209336	209406	+	ENSG00000274298.1	MIR6743	miRNA
chr11	811681	811814	+	ENSG00000199785.1	SNORA52	snoRNA
chr11	1996730	1996842	-	ENSG00000278648.1	AC051649.1	miRNA
chr11	2129121	2129964	-	ENSG00000240801.1	AC132217.4	3prime_overlapping_ncrna
chr11	3856062	3856141	+	ENSG00000263421.1	MIR4687	miRNA
chr11	4367351	4368295	-	ENSG00000280253.1	OR52B4	protein_coding
chr11	4768979	4769917	-	ENSG00000188069.4	OR51F1	protein_coding
chr11	4803433	4804380	-	ENSG00000176937.9	OR52R1	protein_coding
chr11	4803433	4804380	-	ENSG00000279270.1	OR52R1	polymorphic_pseudogene
chr11	4923374	4924339	-	ENSG00000176879.3	OR51G1	protein_coding
chr11	5069572	5070461	+	ENSG00000236621.3	OR52E1	pseudogene
chr11	5323359	5324297	-	ENSG00000184881.3	OR51B2	protein_coding
chr11	6608667	6610135	-	ENSG00000254641.1	RP11-732A19.2	sense_overlapping
chr11	6785038	6785988	+	ENSG00000170803.5	OR2AG1	protein_coding
chr11	7927718	7928662	-	ENSG00000175393.3	OR10A6	protein_coding
chr11	8684204	8684314	+	ENSG00000280884.1	AC091053.1	miRNA
chr11	8684227	8684356	+	ENSG00000200983.1	SNORA45A	snoRNA
chr11	9578028	9578131	+	ENSG00000238387.1	snoU13	snoRNA
chr11	9958744	9959790	-	ENSG00000254765.1	RP11-1H15.1	processed_pseudogene
chr11	15969533	15969621	-	ENSG00000274140.1	MIR6073	miRNA
chr11	17075779	17075868	-	ENSG00000201403.1	SNORD14B	snoRNA
chr11	32435738	32435846	+	ENSG00000278822.1	WT1-AS_1	misc_RNA
chr11	32436797	32437030	+	ENSG00000278045.1	WT1-AS_3	misc_RNA
chr11	32439086	32439206	+	ENSG00000276530.1	WT1-AS_6	misc_RNA
chr11	32439716	32440009	+	ENSG00000273908.1	WT1-AS_7	misc_RNA
chr11	32440109	32440383	+	ENSG00000277119.1	WT1-AS_8	misc_RNA
chr11	33354465	33354545	+	ENSG00000223134.1	AL122015.1	miRNA
chr11	35860654	35860744	-	ENSG00000266590.1	AC090692.1	miRNA
chr11	48245104	48246015	+	ENSG00000279556.1	OR4X2	protein_coding
chr11	48263861	48264778	+	ENSG00000176567.1	OR4X1	protein_coding
chr11	48263861	48264778	+	ENSG00000279260.1	OR4X1	polymorphic_pseudogene
chr11	55572128	55573060	+	ENSG00000181935.3	OR4C16	protein_coding
chr11	55572128	55573060	+	ENSG00000279514.1	OR4C16	polymorphic_pseudogene
chr11	55773438	55774382	+	ENSG00000198877.1	OR5D13	protein_coding
chr11	55773438	55774382	+	ENSG00000279761.1	OR5D13	polymorphic_pseudogene
chr11	55811467	55812402	+	ENSG00000186117.3	OR5L1	protein_coding
chr11	56318307	56319245	+	ENSG00000181689.1	OR8K3	protein_coding
chr11	56318307	56319245	+	ENSG00000280314.1	OR8K3	polymorphic_pseudogene
chr11	56412744	56413668	+	ENSG00000181395.6	OR5AL1	pseudogene
chr11	56417258	56418232	-	ENSG00000174942.1	OR5R1	protein_coding
chr11	56417258	56418232	-	ENSG00000279961.1	OR5R1	polymorphic_pseudogene
chr11	56663686	56664618	+	ENSG00000279911.1	OR5AR1	protein_coding
chr11	58030953	58031906	+	ENSG00000172381.4	OR6Q1	protein_coding
chr11	58214745	58215722	+	ENSG00000172774.7	OR1S1	protein_coding
chr11	61792495	61792561	-	ENSG00000207601.1	MIR611	miRNA
chr11	61815161	61815240	-	ENSG00000222326.1	MIR1908	miRNA
chr11	62372656	62372719	+	ENSG00000265696.1	AP003064.2	miRNA
chr11	62665422	62665570	+	ENSG00000206597.1	SNORA57	snoRNA
chr11	62789815	62789885	+	ENSG00000274856.1	MIR6748	miRNA
chr11	62841619	62841809	-	ENSG00000222328.1	RNU2-2P	snRNA
chr11	62852910	62853035	-	ENSG00000277194.1	SNORD22	snoRNA
chr11	62854161	62854285	-	ENSG00000278527.1	SNORD22	snoRNA
chr11	62854621	62854695	-	ENSG00000274544.1	SNORD28	snoRNA
chr11	62855012	62855083	-	ENSG00000275996.1	SNORD27	snoRNA
chr11	62855292	62855366	-	ENSG00000276788.1	SNORD26	snoRNA
chr11	62855564	62855632	-	ENSG00000275043.1	SNORD25	snoRNA
chr11	64313860	64313950	+	ENSG00000278148.1	AP001453.1	miRNA
chr11	64891132	64891243	-	ENSG00000207648.2	MIR192	miRNA
chr11	64891355	64891439	-	ENSG00000277225.1	MIR194-2	miRNA
chr11	65129916	65129978	-	ENSG00000277547.1	MIR6751	miRNA
chr11	65175035	65175502	-	ENSG00000249251.1	PGAM1P8	processed_pseudogene
chr11	65423273	65423392	+	ENSG00000278144.1	NEAT1_1	misc_RNA
chr11	65423638	65423742	+	ENSG00000278050.1	NEAT1_2	misc_RNA
chr11	65423960	65424118	+	ENSG00000277599.1	NEAT1_3	misc_RNA
chr11	65444458	65444557	+	ENSG00000273834.1	MIR612	miRNA
chr11	65502914	65503008	+	ENSG00000278217.1	MALAT1	misc_RNA
chr11	65506117	65506173	+	ENSG00000274072.1	mascRNA-menRNA	sRNA
chr11	67435510	67438067	-	ENSG00000213402.2	PTPRCAP	protein_coding
chr11	68032864	68032922	+	ENSG00000277703.1	MIR7113	miRNA
chr11	68033897	68033981	+	ENSG00000266737.1	MIR4691	miRNA
chr11	75742270	75742331	+	ENSG00000281528.1	AP001922.1	miRNA
chr11	78016971	78079865	-	ENSG00000259112.1	NDUFC2-KCTD14	protein_coding
chr11	82957423	82958216	+	ENSG00000242279.1	RP11-659G9.1	processed_pseudogene
chr11	83213005	83213404	+	ENSG00000241020.1	RP11-727A23.1	processed_pseudogene
chr11	86278333	86278398	+	ENSG00000273630.1	MIR6755	miRNA
chr11	93721542	93721621	+	ENSG00000275146.1	snoU2_19	snoRNA
chr11	93730513	93730646	-	ENSG00000207112.1	SNORA25	snoRNA
chr11	93730979	93731099	-	ENSG00000206799.1	SNORA32	snoRNA
chr11	93732004	93732133	-	ENSG00000206834.1	SNORA1	snoRNA
chr11	93732361	93732499	-	ENSG00000207304.1	SNORA8	snoRNA
chr11	93732435	93732501	-	ENSG00000281293.1	AP001273.1	miRNA
chr11	93733228	93733300	-	ENSG00000239195.1	SNORD5	snoRNA
chr11	93733466	93733597	-	ENSG00000207145.1	SNORA18	snoRNA
chr11	93733674	93733764	-	ENSG00000221170.1	MIR1304	miRNA
chr11	93735111	93735236	-	ENSG00000210825.1	SNORA40	snoRNA
chr11	112218326	112218720	+	ENSG00000243930.1	RPS12P21	processed_pseudogene
chr11	113789242	113790027	+	ENSG00000255870.1	RP11-667M19.5	processed_pseudogene
chr11	114312063	114312207	+	ENSG00000280653.1	AP002518.1	miRNA
chr11	117820163	117876667	-	ENSG00000255245.3	FXYD6-FXYD2	protein_coding
chr11	118644000	118644079	+	ENSG00000275466.1	MIR6716	miRNA
chr11	119018944	119019012	+	ENSG00000266398.1	MIR3656	miRNA
chr11	119312950	119313012	-	ENSG00000277325.1	MIR6756	miRNA
chr11	119338942	119340883	-	ENSG00000223953.4	C1QTNF5	protein_coding
chr11	119821829	119821927	-	ENSG00000276827.1	AP001994.1	miRNA
chr11	120986258	120986353	+	ENSG00000281726.1	GRIK4_3p_UTR	misc_RNA
chr11	123058909	123058995	-	ENSG00000207118.1	SNORD14D	snoRNA
chr11	123059335	123059422	-	ENSG00000202252.1	SNORD14C	snoRNA
chr11	124319262	124320197	-	ENSG00000197263.3	OR8D2	protein_coding
chr11	124423942	124424871	-	ENSG00000198657.5	OR8B4	protein_coding
chr11	124636491	124636552	+	ENSG00000280773.1	AP001524.1	miRNA
chr11	133898504	133898581	-	ENSG00000264919.1	MIR4697	miRNA
chr12	3726222	3726327	-	ENSG00000222338.1	RNU6-174P	snRNA
chr12	4809176	4813412	+	ENSG00000151079.7	KCNA6	protein_coding
chr12	6510275	6510522	+	ENSG00000276232.1	SCARNA10	sense_intronic
chr12	9127871	9127985	+	ENSG00000211542.1	AC007436.1	miRNA
chr12	9695384	9696227	+	ENSG00000213443.2	RP11-75L1.2	processed_pseudogene
chr12	12915829	12915918	+	ENSG00000207817.1	MIR614	miRNA
chr12	22195469	22195629	-	ENSG00000212172.1	RNU1-149P	snRNA
chr12	39443048	39443116	-	ENSG00000252974.1	AC121334.1	miRNA
chr12	48487946	48488408	+	ENSG00000240443.1	RPS10P20	transcribed_processed_pseudogene
chr12	52951708	52951795	+	ENSG00000265039.1	AC107016.1	miRNA
chr12	53464720	53464901	+	ENSG00000273658.1	uc_338	misc_RNA
chr12	53506690	53507638	-	ENSG00000139574.8	NPFF	protein_coding
chr12	54231397	54231476	-	ENSG00000265371.1	MIR3198-2	miRNA
chr12	55870941	55871219	-	ENSG00000265119.2	RN7SL676P	misc_RNA
chr12	57512688	57512750	+	ENSG00000275657.1	MIR6758	miRNA
chr12	57806154	57806260	-	ENSG00000206749.1	RNU6-1083P	snRNA
chr12	62260359	62260454	+	ENSG00000276811.1	MIR6125	miRNA
chr12	62934507	62934607	-	ENSG00000275729.1	AC078814.1	miRNA
chr12	66251082	66251157	+	ENSG00000275058.1	MIR6502	miRNA
chr12	68841946	68842384	+	ENSG00000256664.1	RP11-611O2.3	processed_pseudogene
chr12	91986626	91993403	-	ENSG00000279037.1	C12orf79	protein_coding
chr12	91986682	91993403	-	ENSG00000280112.1	C12orf79	protein_coding
chr12	93509487	93509768	+	ENSG00000243015.2	RN7SL737P	misc_RNA
chr12	94571231	94571352	-	ENSG00000277302.1	MIR7844	miRNA
chr12	94834398	94834513	+	ENSG00000208038.1	MIR492	miRNA
chr12	97492462	97492597	+	ENSG00000273942.1	RMST_2	misc_RNA
chr12	97530656	97530858	+	ENSG00000275971.1	RMST_6	misc_RNA
chr12	97532691	97532958	+	ENSG00000274819.1	RMST_7	misc_RNA
chr12	97564174	97564327	+	ENSG00000277081.1	RMST_10	misc_RNA
chr12	100157256	100157338	-	ENSG00000221770.1	AC010203.1	miRNA
chr12	100158502	100158765	-	ENSG00000266610.2	RN7SL176P	misc_RNA
chr12	103930425	103930555	+	ENSG00000265072.1	MIR3652	miRNA
chr12	104125268	104125329	+	ENSG00000280646.1	AC089983.1	miRNA
chr12	107650789	107650892	+	ENSG00000222160.1	Y_RNA	misc_RNA
chr12	109567975	109568115	-	ENSG00000200274.1	RNU4-32P	snRNA
chr12	110360456	110360538	-	ENSG00000281030.1	AC006088.1	miRNA
chr12	110496352	110496421	-	ENSG00000202335.1	SNORD50	snoRNA
chr12	111598951	111599031	-	ENSG00000281280.1	AC137055.1	miRNA
chr12	111899263	111901391	+	ENSG00000229186.4	ADAM1A	unitary_pseudogene
chr12	119713634	119713724	-	ENSG00000221323.1	MIR1178	miRNA
chr12	120723193	120723266	+	ENSG00000265455.1	MIR4700	miRNA
chr12	123364764	123364843	-	ENSG00000277700.1	MIR8072	miRNA
chr12	130977562	130978768	+	ENSG00000256204.1	RP11-243M5.1	lincRNA
chr12	132835374	132835500	-	ENSG00000252079.1	RNU6-327P	snRNA
chr13	25944606	25944673	+	ENSG00000281497.1	AL138815.1	miRNA
chr13	27255064	27255135	+	ENSG00000207500.1	SNORD102	snoRNA
chr13	27255401	27255526	+	ENSG00000207051.1	SNORA27	snoRNA
chr13	30206616	30206699	-	ENSG00000266816.1	AL356750.1	miRNA
chr13	45336314	45336447	-	ENSG00000253051.1	SNORA31	snoRNA
chr13	45732089	45732172	-	ENSG00000280848.1	AL139320.1	miRNA
chr13	46437394	46437988	-	ENSG00000241353.3	PPP1R2P4	processed_pseudogene
chr13	50082295	50082484	+	ENSG00000276089.1	DLEU1_1	misc_RNA
chr13	50104833	50105174	+	ENSG00000273541.1	DLEU1_2	misc_RNA
chr13	90231182	90231277	+	ENSG00000207858.1	MIR622	miRNA
chr13	91350605	91350688	+	ENSG00000275042.1	MIR17	miRNA
chr13	91350743	91350834	+	ENSG00000274160.1	AL162375.1	miRNA
chr13	91350891	91350972	+	ENSG00000277328.1	MIR19A	miRNA
chr13	91351065	91351135	+	ENSG00000275534.1	MIR20A	miRNA
chr13	91351192	91351278	+	ENSG00000275802.1	MIR19B1	miRNA
chr13	91351314	91351393	+	ENSG00000276018.1	MIR92A1	miRNA
chr13	97363007	97363069	-	ENSG00000281389.1	AL442067.1	miRNA
chr14	20343075	20343407	-	ENSG00000277209.1	RNaseP_nuc	ribozyme
chr14	21023314	21023386	-	ENSG00000278629.1	MIR6717	miRNA
chr14	22281105	22281748	+	ENSG00000211817.2	TRAV38-2DV8	TR_V_gene
chr14	22450089	22450139	+	ENSG00000211825.1	TRDJ1	TR_J_gene
chr14	22509341	22509406	+	ENSG00000211857.1	TRAJ32	TR_J_gene
chr14	22956950	22957029	-	ENSG00000265037.1	MIR4707	miRNA
chr14	23033530	23033638	-	ENSG00000207765.1	AL132780.1	miRNA
chr14	24143489	24143565	-	ENSG00000276511.1	MIR7703	miRNA
chr14	35809212	35809300	-	ENSG00000266264.1	AL162311.1	miRNA
chr14	49577392	49577794	-	ENSG00000244270.1	RPL32P29	processed_pseudogene
chr14	49586580	49586878	+	ENSG00000276168.1	RN7SL1	misc_RNA
chr14	49586722	49586791	+	ENSG00000281893.1	AL139099.3	miRNA
chr14	49853703	49853772	-	ENSG00000279868.2	AL627171.1	miRNA
chr14	49862638	49862707	-	ENSG00000280602.1	AL627171.3	miRNA
chr14	53153049	53153115	-	ENSG00000266552.1	AL356020.1	miRNA
chr14	55413556	55414059	-	ENSG00000239199.1	RPL21P6	processed_pseudogene
chr14	60972272	60972466	-	ENSG00000258656.1	RP11-193F5.4	processed_pseudogene
chr14	68887785	68888084	-	ENSG00000258967.1	HMGN1P3	processed_pseudogene
chr14	74480133	74480204	-	ENSG00000265649.1	MIR4709	miRNA
chr14	76778952	76782249	+	ENSG00000258610.1	RP11-488C13.7	lincRNA
chr14	95185117	95185854	-	ENSG00000259143.1	CTD-2240H23.2	sense_overlapping
chr14	95662480	95662598	+	ENSG00000275033.1	TCL6_2	misc_RNA
chr14	95670441	95670577	+	ENSG00000277468.1	TCL6_3	misc_RNA
chr14	100829350	100829454	+	ENSG00000276919.1	MEG3_2	misc_RNA
chr14	100894817	100894913	+	ENSG00000276225.1	MEG8_1	misc_RNA
chr14	100898958	100899079	+	ENSG00000275134.1	MEG8_2	misc_RNA
chr14	100987046	100987117	+	ENSG00000200413.1	SNORD114-26	snoRNA
chr14	101560287	101560422	-	ENSG00000277601.1	MIR1247	miRNA
chr14	102501676	102501779	+	ENSG00000212330.1	RNU6-244P	snRNA
chr14	105863198	105863258	-	ENSG00000211900.2	IGHJ6	IG_J_gene
chr14	105863814	105863862	-	ENSG00000242472.1	IGHJ5	IG_J_gene
chr14	105864215	105864260	-	ENSG00000240041.1	IGHJ4	IG_J_gene
chr14	106636704	106636763	+	ENSG00000280494.1	AC245369.3	miRNA
chr15	20759311	20774794	-	ENSG00000259383.1	RP11-403B2.6	lincRNA
chr15	24981994	24982068	+	ENSG00000276314.1	SNORD107	snoRNA
chr15	24985100	24985166	+	ENSG00000276610.1	SNORD64	snoRNA
chr15	24986925	24986995	+	ENSG00000239014.1	SNORD108	snoRNA
chr15	25041974	25042040	+	ENSG00000274640.1	SNORD109B	snoRNA
chr15	25087662	25087753	+	ENSG00000278715.1	SNORD116-20	snoRNA
chr15	25088804	25088895	+	ENSG00000277785.1	SNORD116-21	snoRNA
chr15	25104642	25104732	+	ENSG00000278123.1	SNORD116-28	snoRNA
chr15	25182385	25182466	+	ENSG00000278089.1	SNORD115-7	snoRNA
chr15	25193321	25193402	+	ENSG00000273835.1	SNORD115-13	snoRNA
chr15	25218617	25218698	+	ENSG00000275524.1	SNORD115-26	snoRNA
chr15	30380353	30386987	-	ENSG00000263070.1	RP11-382B18.3	transcribed_unprocessed_pseudogene
chr15	34373789	34373871	-	ENSG00000266205.1	AC025678.1	miRNA
chr15	40331537	40331648	-	ENSG00000252714.1	RNA5SP392	rRNA
chr15	45214906	45215033	-	ENSG00000261709.3	SNORA11	snoRNA
chr15	45433050	45433129	+	ENSG00000211519.1	MIR147B	miRNA
chr15	50360329	50360410	+	ENSG00000264109.1	MIR4712	miRNA
chr15	62246284	62246349	-	ENSG00000277779.1	AC126323.2	miRNA
chr15	66379337	66379915	-	ENSG00000240821.1	RPL9P25	processed_pseudogene
chr15	66501250	66501318	-	ENSG00000199574.1	SNORD18C	snoRNA
chr15	66502019	66502089	-	ENSG00000280554.1	snoU18	snoRNA
chr15	66502020	66502091	-	ENSG00000202529.1	SNORD18B	snoRNA
chr15	66502812	66502910	-	ENSG00000199673.1	SNORD16	snoRNA
chr15	66503243	66503314	-	ENSG00000200623.1	SNORD18A	snoRNA
chr15	69160651	69160724	+	ENSG00000266374.1	AC026512.1	miRNA
chr15	69406441	69406552	+	ENSG00000207395.1	Y_RNA	misc_RNA
chr15	72587217	72587313	+	ENSG00000207690.1	MIR630	miRNA
chr15	72589691	72591845	+	ENSG00000260534.1	RP11-1006G14.4	sense_overlapping
chr15	74303005	74304343	+	ENSG00000261384.1	RP11-60L3.2	sense_intronic
chr15	75762215	75762315	-	ENSG00000274496.1	MIR4313	miRNA
chr15	82726550	82726633	-	ENSG00000266697.1	AC105339.2	miRNA
chr15	82755945	82756071	+	ENSG00000277864.1	SCARNA15	scaRNA
chr15	82756006	82756069	+	ENSG00000280933.1	AC105339.3	miRNA
chr15	83113617	83114566	-	ENSG00000260579.1	RP11-382A20.2	antisense
chr15	84204516	84204599	-	ENSG00000221008.1	AC136698.1	miRNA
chr15	84633874	84634635	+	ENSG00000254779.4	EGLN1P1	transcribed_processed_pseudogene
chr15	84642487	84642763	-	ENSG00000277578.1	Metazoa_SRP	misc_RNA
chr15	85380596	85380662	+	ENSG00000276648.1	MIR7706	miRNA
chr15	90275129	90275716	+	ENSG00000228998.4	RP11-697E2.7	transcribed_processed_pseudogene
chr15	90294059	90294142	+	ENSG00000280965.1	AC091167.2	miRNA
chr15	91029888	91029996	+	ENSG00000258542.1	AC068831.11	transcribed_processed_pseudogene
chr15	96333261	96333307	+	ENSG00000222651.1	MIR1469	miRNA
chr15	99792297	99792379	+	ENSG00000221511.1	AC090825.1	miRNA
chr16	1962334	1962466	-	ENSG00000206811.1	SNORA10	snoRNA
chr16	1962973	1963106	-	ENSG00000207405.1	SNORA64	snoRNA
chr16	1963745	1964095	-	ENSG00000255513.1	AC005363.9	transcribed_processed_pseudogene
chr16	1965184	1965310	+	ENSG00000273587.1	SNORA78	snoRNA
chr16	2155025	2155104	-	ENSG00000281010.1	snoR1	snoRNA
chr16	2271737	2271846	+	ENSG00000274753.1	MIR940	miRNA
chr16	2769872	2769949	+	ENSG00000265864.1	AC092117.2	miRNA
chr16	3069523	3069651	+	ENSG00000252561.1	RNU1-125P	snRNA
chr16	3308609	3308816	+	ENSG00000262554.1	LA16c-360H6.2	transcribed_processed_pseudogene
chr16	8683461	8683543	+	ENSG00000281170.1	AC007224.1	miRNA
chr16	9104848	9113181	+	ENSG00000263244.2	RP11-473I1.9	3prime_overlapping_ncrna
chr16	11915661	11915738	-	ENSG00000266163.1	AC007216.1	miRNA
chr16	14901508	14901591	+	ENSG00000274301.1	MIR3179-3	miRNA
chr16	15611030	15611095	-	ENSG00000275184.1	MIR6506	miRNA
chr16	15643281	15643390	+	ENSG00000272213.2	AC026401.1	miRNA
chr16	19498610	19498747	+	ENSG00000222750.1	RNU4-46P	snRNA
chr16	21519830	21520365	-	ENSG00000258186.2	SLC7A5P2	transcribed_processed_pseudogene
chr16	23061406	23064173	-	ENSG00000260566.2	RP11-20G6.3	3prime_overlapping_ncrna
chr16	23670011	23675499	+	ENSG00000260482.3	CTD-2196E14.9	3prime_overlapping_ncrna
chr16	28958583	28958661	+	ENSG00000266868.1	MIR4517	miRNA
chr16	28982014	28982130	+	ENSG00000281146.1	AC109460.1	miRNA
chr16	30670160	30670297	+	ENSG00000280843.1	AC093249.1	miRNA
chr16	31109211	31109318	+	ENSG00000252809.3	AC135050.1	miRNA
chr16	35023339	35023765	+	ENSG00000262885.1	CTD-2144E22.11	processed_pseudogene
chr16	48447904	48448398	-	ENSG00000261802.1	RP11-44I10.6	sense_overlapping
chr16	58559796	58559929	-	ENSG00000206952.3	SNORA76A	snoRNA
chr16	66550457	66550567	+	ENSG00000275745.1	Y_RNA	misc_RNA
chr16	67019727	67019811	+	ENSG00000281589.1	AC009084.1	miRNA
chr16	67390691	67390850	-	ENSG00000239194.1	RNU1-123P	snRNA
chr16	67877657	67877740	+	ENSG00000221526.1	AC040162.1	miRNA
chr16	68233426	68233499	-	ENSG00000276151.1	MIR6773	miRNA
chr16	68742495	68742551	+	ENSG00000281454.1	AC099314.1	miRNA
chr16	69328644	69334871	-	ENSG00000272617.1	RP11-343C2.12	protein_coding
chr16	69463844	69466264	+	ENSG00000260108.1	RP11-140H17.1	3prime_overlapping_ncrna
chr16	69703065	69704652	+	ENSG00000260772.1	RP11-311C24.1	3prime_overlapping_ncrna
chr16	72787693	72787773	-	ENSG00000265573.1	AC004943.1	miRNA
chr16	81170740	81181213	-	ENSG00000279362.1	PKD1L2	protein_coding
chr16	81385018	81385093	+	ENSG00000273048.1	MIR4720	miRNA
chr16	81385463	81387560	+	ENSG00000272923.1	RP11-391L3.1	lincRNA
chr16	81961926	81962243	+	ENSG00000260682.3	7SK	misc_RNA
chr16	89561434	89561517	+	ENSG00000200084.1	SNORD68	snoRNA
chr17	1713895	1714005	-	ENSG00000275595.1	AC130343.2	miRNA
chr17	2041936	2043430	+	ENSG00000262664.2	OVCA2	protein_coding
chr17	2329119	2329213	-	ENSG00000212552.3	SNORD91B	snoRNA
chr17	2330276	2330370	-	ENSG00000274802.1	SNORD91A	snoRNA
chr17	3310312	3311189	+	ENSG00000180068.8	OR3A4P	transcribed_unprocessed_pseudogene
chr17	5514209	5514270	-	ENSG00000280489.1	U7	snRNA
chr17	6651914	6652270	+	ENSG00000279257.1	C17orf100	protein_coding
chr17	7017615	7017701	-	ENSG00000275739.1	MIR195	miRNA
chr17	7017911	7018022	-	ENSG00000273895.1	MIR497	miRNA
chr17	7574713	7574847	+	ENSG00000209582.1	SNORA48	snoRNA
chr17	7576811	7576952	+	ENSG00000238917.1	SNORD10	snoRNA
chr17	7577955	7578091	+	ENSG00000277985.1	SNORA67	snoRNA
chr17	8144994	8145071	-	ENSG00000278027.1	MIR6883	miRNA
chr17	8173454	8173587	-	ENSG00000200463.1	SNORD118	snoRNA
chr17	16044621	16044961	+	ENSG00000243686.2	RPLP1P11	processed_pseudogene
chr17	16439505	16439576	+	ENSG00000277108.1	SNORD49	snoRNA
chr17	16440036	16440106	+	ENSG00000277370.1	SNORD49A	snoRNA
chr17	16441226	16441298	+	ENSG00000277512.1	SNORD65	snoRNA
chr17	16812447	16812651	+	ENSG00000264892.1	NOS2P4	processed_pseudogene
chr17	17242564	17242647	+	ENSG00000265109.1	AC055811.1	miRNA
chr17	18340814	18340886	-	ENSG00000275820.1	MIR6778	miRNA
chr17	18388871	18389459	+	ENSG00000267441.1	RP1-37N7.5	processed_pseudogene
chr17	19061912	19062128	+	ENSG00000280523.1	SNORD3B-2	snoRNA
chr17	19061912	19062129	+	ENSG00000276271.1	SNORD3B-2	snoRNA
chr17	19063919	19064136	-	ENSG00000274088.1	SNORD3B-1	snoRNA
chr17	19063920	19064136	-	ENSG00000281187.1	SNORD3B-2	snoRNA
chr17	19112419	19112636	-	ENSG00000277947.1	SNORD3D	snoRNA
chr17	19112420	19112636	-	ENSG00000281000.1	SNORD3D	snoRNA
chr17	19188016	19188232	+	ENSG00000281298.1	SNORD3A	snoRNA
chr17	19188016	19188233	+	ENSG00000277813.1	SNORD3A	snoRNA
chr17	19190028	19190245	-	ENSG00000275303.1	SNORD3C	snoRNA
chr17	19190029	19190245	-	ENSG00000280847.1	SNORD3C	snoRNA
chr17	19557560	19557711	+	ENSG00000276660.1	SNORA59A	snoRNA
chr17	19649494	19649587	-	ENSG00000275982.1	Y_RNA	misc_RNA
chr17	20981489	20981654	+	ENSG00000266009.1	RP11-746M1.2	transcribed_processed_pseudogene
chr17	22435629	22436064	+	ENSG00000265705.1	RP11-744K17.8	transcribed_processed_pseudogene
chr17	28276463	28276553	-	ENSG00000207844.1	AC061975.1	miRNA
chr17	28360654	28360734	+	ENSG00000264302.1	MIR4723	miRNA
chr17	28723429	28723492	+	ENSG00000238649.1	SNORD42A	snoRNA
chr17	28723682	28723753	+	ENSG00000238597.1	SNORD4B	snoRNA
chr17	28861369	28861440	-	ENSG00000273915.1	MIR451A	miRNA
chr17	28861514	28861624	-	ENSG00000277441.1	AC024267.1	miRNA
chr17	28861655	28861730	-	ENSG00000278521.1	MIR4732	miRNA
chr17	29390662	29390730	+	ENSG00000263719.1	MIR4523	miRNA
chr17	30059054	30059147	-	ENSG00000267482.1	RNY4P13	unprocessed_pseudogene
chr17	30117079	30117172	+	ENSG00000199071.2	MIR423	miRNA
chr17	30702506	30702586	-	ENSG00000281673.1	AC005562.2	miRNA
chr17	31534883	31534971	+	ENSG00000266459.1	MIR4724	miRNA
chr17	35097560	35097657	-	ENSG00000252328.1	Vault	misc_RNA
chr17	38851524	38851659	-	ENSG00000252699.1	SNORA21	snoRNA
chr17	38852863	38852994	-	ENSG00000199293.1	SNORA21	snoRNA
chr17	39081065	39081187	+	ENSG00000222494.1	AC091178.1	miRNA
chr17	40026332	40026409	-	ENSG00000275267.1	MIR6884	miRNA
chr17	43387226	43387417	-	ENSG00000277084.1	U2	snRNA
chr17	43444806	43444885	+	ENSG00000278547.1	MIR2117	miRNA
chr17	44123539	44123649	-	ENSG00000274433.1	AC023855.1	miRNA
chr17	44899712	44905390	+	ENSG00000214447.4	FAM187A	protein_coding
chr17	45637110	45637206	+	ENSG00000273917.1	AC126544.1	miRNA
chr17	46537734	46537813	+	ENSG00000280583.1	AC138645.1	miRNA
chr17	47042025	47042104	+	ENSG00000281864.1	AC068152.1	miRNA
chr17	48048365	48048430	+	ENSG00000273862.1	AC004477.1	miRNA
chr17	48382371	48382586	-	ENSG00000200538.2	U3	snoRNA
chr17	48579838	48579947	-	ENSG00000274592.1	MIR10A	miRNA
chr17	49049540	49049624	+	ENSG00000264552.1	AC105030.1	miRNA
chr17	51166831	51171507	+	ENSG00000280803.1	NME1-NME2	protein_coding
chr17	56891270	56891355	-	ENSG00000265238.1	MIR3614	miRNA
chr17	58331215	58331325	-	ENSG00000273667.1	AC004687.1	miRNA
chr17	59841266	59841337	+	ENSG00000199004.1	MIR21	miRNA
chr17	60810957	60811052	+	ENSG00000211515.1	AC079005.1	miRNA
chr17	62005737	62006016	-	ENSG00000242398.3	RN7SL800P	misc_RNA
chr17	64146337	64146471	+	ENSG00000281311.1	SNORA76C	snoRNA
chr17	64146339	64146471	+	ENSG00000277887.1	SNORA76C	snoRNA
chr17	64500773	64500839	-	ENSG00000265695.1	MIR3064	miRNA
chr17	64501214	64501313	-	ENSG00000266241.1	MIR5047	miRNA
chr17	64749918	64758603	-	ENSG00000266820.1	RP13-104F24.1	transcribed_unprocessed_pseudogene
chr17	64940606	64940717	+	ENSG00000272346.2	RP11-927P21.11	transcribed_unprocessed_pseudogene
chr17	75498548	75498628	+	ENSG00000276372.1	MIR6785	miRNA
chr17	75784521	75784607	-	ENSG00000263565.1	MIR4738	miRNA
chr17	75910723	75938149	-	ENSG00000281844.1	FBF1	protein_coding
chr17	76558791	76558868	+	ENSG00000274091.1	SNORD1C	snoRNA
chr17	76561634	76561705	+	ENSG00000278261.1	SNORD1A	snoRNA
chr17	76736450	76736548	-	ENSG00000207556.1	MIR636	miRNA
chr17	77089307	77089493	+	ENSG00000275143.1	SCARNA16	scaRNA
chr17	77089417	77089497	+	ENSG00000281678.1	MIR6516	miRNA
chr17	81511026	81511109	-	ENSG00000266077.1	AC139149.1	miRNA
chr17	82236668	82236728	+	ENSG00000275505.1	MIR6787	miRNA
chr18	14074912	14075741	-	ENSG00000267756.1	RP11-411B10.4	unprocessed_pseudogene
chr18	21712017	21712119	-	ENSG00000281568.1	AC106037.1	miRNA
chr18	21825698	21825785	-	ENSG00000276792.1	MIR133A1	miRNA
chr18	21828996	21829106	-	ENSG00000278753.1	AC103987.1	miRNA
chr18	22933349	22933438	+	ENSG00000264817.1	MIR4741	miRNA
chr18	26689316	26689529	-	ENSG00000275900.1	U3	snoRNA
chr18	27452623	27452712	-	ENSG00000280492.1	AC068408.1	miRNA
chr18	35466938	35466991	-	ENSG00000277489.1	AC007998.1	miRNA
chr18	49487373	49487422	+	ENSG00000278544.1	MIR1539	miRNA
chr18	49489245	49489308	-	ENSG00000202093.1	SNORD58C	snoRNA
chr18	49491283	49491347	-	ENSG00000206602.1	SNORD58A	snoRNA
chr18	49491664	49491729	-	ENSG00000271982.1	SNORD58B	snoRNA
chr18	49814133	49814276	+	ENSG00000251992.1	SCARNA17	scaRNA
chr18	49814361	49814443	+	ENSG00000252139.1	SCARNA18	scaRNA
chr18	57435821	57435880	+	ENSG00000266636.1	AC090340.1	miRNA
chr18	58451068	58451176	+	ENSG00000207778.2	MIR122	miRNA
chr19	804940	805001	+	ENSG00000265767.1	MIR4745	miRNA
chr19	1816159	1816238	-	ENSG00000223244.1	MIR1909	miRNA
chr19	2235829	2235926	-	ENSG00000276587.1	MIR6789	miRNA
chr19	2250639	2250718	+	ENSG00000267021.1	MIR4321	miRNA
chr19	3961414	3961512	-	ENSG00000207733.1	MIR637	miRNA
chr19	6176256	6176442	-	ENSG00000267415.1	CTC-503J8.2	transcribed_processed_pseudogene
chr19	6736712	6736778	-	ENSG00000277714.1	MIR6791	miRNA
chr19	10403458	10403538	-	ENSG00000221566.1	MIR1181	miRNA
chr19	12379746	12383687	-	ENSG00000248406.1	CTD-3105H18.4	transcribed_unprocessed_pseudogene
chr19	14073361	14073479	+	ENSG00000277805.1	MIR1199	miRNA
chr19	14213241	14213321	+	ENSG00000280955.1	AC011509.1	miRNA
chr19	15834730	15834804	+	ENSG00000273782.1	UCA1	misc_RNA
chr19	16910496	16910579	-	ENSG00000280536.1	AC008737.1	miRNA
chr19	17862588	17862720	+	ENSG00000207166.1	SNORA68	snoRNA
chr19	18868545	18896096	-	ENSG00000130283.8	GDF1	protein_coding
chr19	20125044	20125484	+	ENSG00000224864.4	CTC-260E6.2	transcribed_processed_pseudogene
chr19	21188598	21188953	+	ENSG00000268995.1	VN1R82P	unprocessed_pseudogene
chr19	21753011	21753083	+	ENSG00000265084.1	AC092364.1	miRNA
chr19	22601485	22601707	+	ENSG00000240713.3	RN7SL860P	misc_RNA
chr19	33207129	33207639	+	ENSG00000273420.1	CTD-2540B15.13	3prime_overlapping_ncrna
chr19	34645662	34646070	+	ENSG00000269811.2	SCGB2B3P	processed_pseudogene
chr19	35122700	35122764	+	ENSG00000278663.1	MIR6887	miRNA
chr19	44758657	44758721	+	ENSG00000277736.1	MIR8085	miRNA
chr19	45149750	45150605	-	ENSG00000267037.1	AC005757.7	lincRNA
chr19	45638994	45639087	-	ENSG00000199066.1	MIR330	miRNA
chr19	45938139	45938282	-	ENSG00000280818.1	AC008623.1	miRNA
chr19	47581231	47581313	+	ENSG00000281476.1	AC010331.1	miRNA
chr19	47755853	47755962	+	ENSG00000221803.1	SNORD23	snoRNA
chr19	49489965	49490048	+	ENSG00000201675.1	SNORD32A	snoRNA
chr19	49490615	49490699	+	ENSG00000199631.1	SNORD33	snoRNA
chr19	49490904	49490974	+	ENSG00000202503.1	SNORD34	snoRNA
chr19	49491175	49491260	+	ENSG00000200259.1	SNORD35A	snoRNA
chr19	49497720	49497806	+	ENSG00000200530.1	SNORD35B	snoRNA
chr19	49832018	49832099	+	ENSG00000277609.1	MIR6800	miRNA
chr19	49888175	49888230	+	ENSG00000263462.1	MIR4750	miRNA
chr19	49933064	49933137	+	ENSG00000265438.1	MIR4751	miRNA
chr19	49949316	49949527	-	ENSG00000221125.2	U3	snoRNA
chr19	50799032	50799122	-	ENSG00000221381.1	SNORD88B	snoRNA
chr19	50802328	50802418	-	ENSG00000220988.1	SNORD88C	snoRNA
chr19	52564076	52564231	+	ENSG00000242255.1	RPL39P34	transcribed_unprocessed_pseudogene
chr19	53386233	53386388	+	ENSG00000241069.1	CTD-3141N22.1	transcribed_processed_pseudogene
chr19	53495887	53496037	+	ENSG00000241434.1	CTD-2224J9.4	transcribed_processed_pseudogene
chr19	53762335	53762445	+	ENSG00000280835.1	AC011453.2	miRNA
chr19	53982307	53982397	+	ENSG00000215998.1	MIR935	miRNA
chr19	54589441	54590287	+	ENSG00000269271.1	CTB-83J4.2	lincRNA
chr19	55388181	55388242	+	ENSG00000277326.1	MIR6805	miRNA
chr19	55707550	55707855	+	ENSG00000268593.3	CTD-2611O12.6	processed_pseudogene
chr19	56840905	56840992	+	ENSG00000281440.1	MIMT1_1	sRNA
chr19	56848068	56848204	+	ENSG00000274777.1	MIMT1_2	misc_RNA
chr19	58582024	58582609	+	ENSG00000268784.1	MGC2752	transcribed_unprocessed_pseudogene
chr19	58586158	58586356	+	ENSG00000269032.1	AC016629.7	transcribed_processed_pseudogene
chr20	1392900	1392961	-	ENSG00000276741.1	MIR6869	miRNA
chr20	2652777	2652842	+	ENSG00000221062.1	MIR1292	miRNA
chr20	2654212	2654286	+	ENSG00000221116.1	SNORD110	snoRNA
chr20	2656097	2656182	+	ENSG00000212498.1	SNORD86	snoRNA
chr20	2656624	2656694	+	ENSG00000229686.1	SNORD56	snoRNA
chr20	2656939	2657010	+	ENSG00000226572.1	SNORD57	snoRNA
chr20	22733210	22733301	-	ENSG00000265151.1	AL158175.1	miRNA
chr20	31581089	31581192	+	ENSG00000201770.1	RNU6-384P	snRNA
chr20	32237795	32237847	+	ENSG00000221667.1	MIR1825	miRNA
chr20	36255716	36255820	+	ENSG00000281193.1	AL121895.1	miRNA
chr20	38421647	38421774	-	ENSG00000277034.1	SNORA71	snoRNA
chr20	38425198	38425331	-	ENSG00000273718.1	SNORA71	snoRNA
chr20	38448084	38448215	+	ENSG00000274309.1	SNORA71E	snoRNA
chr20	47651067	47651156	+	ENSG00000280970.1	AL034418.1	miRNA
chr20	49278427	49278624	+	ENSG00000277830.1	ZNFX1-AS1_1	misc_RNA
chr20	49279116	49279208	+	ENSG00000274760.1	ZNFX1-AS1_2	misc_RNA
chr20	49280485	49280571	+	ENSG00000277967.1	ZNFX1-AS1_3	misc_RNA
chr20	49280683	49280772	+	ENSG00000212304.1	SNORD12	snoRNA
chr20	58817615	58817694	-	ENSG00000276373.1	MIR296	miRNA
chr20	61953546	61953662	-	ENSG00000221417.1	MIR1257	miRNA
chr20	63696668	63698684	+	ENSG00000243509.4	TNFRSF6B	protein_coding
chr20	63941465	63941544	-	ENSG00000272045.1	MIR1914	miRNA
chr21	6994374	6997737	-	ENSG00000279313.1	CH507-145C22.4	lincRNA
chr21	14143581	14144158	+	ENSG00000240755.1	ERLEC1P1	processed_pseudogene
chr21	25573980	25574044	+	ENSG00000275402.1	MIR155	miRNA
chr21	33550662	33550728	+	ENSG00000275224.1	MIR6501	miRNA
chr21	39171462	39171560	-	ENSG00000276873.1	uc_338	misc_RNA
chr21	44328944	44330221	-	ENSG00000241728.4	AP001062.8	sense_overlapping
chr22	15826566	15827187	+	ENSG00000271672.1	DUXAP8	transcribed_processed_pseudogene
chr22	16961936	17008222	-	ENSG00000215568.6	GAB4	protein_coding
chr22	17021398	17022570	-	ENSG00000276400.1	VN1R9P	processed_pseudogene
chr22	18101612	18101888	+	ENSG00000235617.1	XXbac-B476C20.10	unprocessed_pseudogene
chr22	19722945	19724771	+	ENSG00000203618.5	GP1BB	protein_coding
chr22	20085746	20085833	+	ENSG00000266567.1	MIR3618	miRNA
chr22	20086042	20086150	+	ENSG00000221366.2	MIR1306	miRNA
chr22	20126402	20126526	+	ENSG00000264346.1	SNORA77	snoRNA
chr22	20483225	20483316	-	ENSG00000265300.1	AC007731.1	miRNA
chr22	22895375	22895834	+	ENSG00000211675.2	IGLC1	IG_C_gene
chr22	26671402	26671550	+	ENSG00000277941.1	MIAT_exon5_1	misc_RNA
chr22	26672164	26672248	+	ENSG00000275942.1	MIAT_exon5_2	misc_RNA
chr22	26673254	26673630	+	ENSG00000276991.1	MIAT_exon5_3	misc_RNA
chr22	27919384	27919545	+	ENSG00000277460.1	TTC28-AS1_1	misc_RNA
chr22	27922022	27922178	+	ENSG00000276150.1	TTC28-AS1_2	misc_RNA
chr22	28002484	28002595	+	ENSG00000276675.1	TTC28-AS1_4	misc_RNA
chr22	28992721	29018620	+	ENSG00000235786.1	ZNRF3-IT1	sense_intronic
chr22	29073078	29168333	+	ENSG00000183762.11	KREMEN1	protein_coding
chr22	29134014	29134120	+	ENSG00000200871.1	RNU6-810P	snRNA
chr22	29333163	29333258	-	ENSG00000239127.1	SNORD125	snoRNA
chr22	29711820	29719714	-	ENSG00000239446.1	RP1-76B20.12	antisense
chr22	30971005	30971149	+	ENSG00000276664.1	TUG1_1	misc_RNA
chr22	30971296	30971382	+	ENSG00000276057.1	TUG1_2	misc_RNA
chr22	30972857	30973093	+	ENSG00000276965.1	TUG1_3	misc_RNA
chr22	30973417	30973597	+	ENSG00000275307.1	TUG1_4	misc_RNA
chr22	31059989	31060285	+	ENSG00000240186.3	RN7SL633P	misc_RNA
chr22	31621467	31621531	-	ENSG00000275382.1	MIR7109	miRNA
chr22	31837238	31837298	+	ENSG00000252909.1	RNU6-201P	snRNA
chr22	33704786	33704920	-	ENSG00000253007.2	SNORA76	snoRNA
chr22	35164304	35165347	+	ENSG00000238153.1	CTA-714B7.4	processed_pseudogene
chr22	37844272	37844371	-	ENSG00000207945.1	MIR658	miRNA
chr22	37891347	37891448	+	ENSG00000207227.1	RNU6-900P	snRNA
chr22	37950965	37951778	+	ENSG00000272582.1	RP5-1039K5.17	antisense
chr22	37967563	37967624	+	ENSG00000277321.1	MIR6820	miRNA
chr22	37988794	37988853	+	ENSG00000264505.1	MIR4534	miRNA
chr22	39120293	39120566	-	ENSG00000226024.1	COX5BP7	processed_pseudogene
chr22	39313819	39313911	-	ENSG00000209480.1	SNORD83B	snoRNA
chr22	39319050	39319113	-	ENSG00000263764.1	SNORD43	snoRNA
chr22	41092513	41092566	+	ENSG00000221160.1	MIR1281	miRNA
chr22	41923222	41923297	-	ENSG00000263463.1	MIR378I	miRNA
chr22	42569147	42569250	-	ENSG00000251913.1	RNU6-513P	snRNA
chr22	42615244	42615393	+	ENSG00000276027.1	RNU12	snRNA
chr22	45976878	45976954	-	ENSG00000265610.1	CR536603.1	miRNA
chr22	46112732	46112840	+	ENSG00000198986.2	MIRLET7A3	miRNA
chr22	46113566	46113657	+	ENSG00000264147.1	MIR4763	miRNA
chr22	46113686	46113768	+	ENSG00000207875.1	MIRLET7B	miRNA
chrX	3607258	3607365	-	ENSG00000207332.1	RNU6-146P	snRNA
chrX	21872707	21872808	+	ENSG00000206639.1	Y_RNA	misc_RNA
chrX	37441523	37442068	+	ENSG00000241607.1	RP11-357K9.2	unprocessed_pseudogene
chrX	41233633	41234283	+	ENSG00000269941.1	RP5-1172N10.4	sense_intronic
chrX	52063347	52063474	-	ENSG00000221705.1	SNORA11E	snoRNA
chrX	52190621	52190748	+	ENSG00000221475.1	SNORA11D	snoRNA
chrX	53143034	53143117	-	ENSG00000266700.1	AL139396.1	miRNA
chrX	54927305	54927433	+	ENSG00000221750.1	SNORA11	snoRNA
chrX	66018870	66018979	+	ENSG00000207939.1	MIR223	miRNA
chrX	67545277	67545422	+	ENSG00000280956.1	AL049564.1	miRNA
chrX	70846080	70846295	-	ENSG00000280704.1	U3	snoRNA
chrX	73821657	73821724	-	ENSG00000274655.1	XIST_intron	misc_RNA
chrX	73831145	73831270	-	ENSG00000277577.1	Xist_exon4	misc_RNA
chrX	73944332	73944466	+	ENSG00000274430.1	JPX_1	misc_RNA
chrX	73944595	73944663	+	ENSG00000276784.1	JPX_2	misc_RNA
chrX	80024067	80031111	+	ENSG00000281700.1	TBX22	protein_coding
chrX	85244095	85244171	+	ENSG00000264517.1	AC003001.1	miRNA
chrX	92460452	92460545	+	ENSG00000211526.1	AL121869.1	miRNA
chrX	107428989	107429079	+	ENSG00000207846.1	AL035088.1	miRNA
chrX	112780718	112780788	-	ENSG00000263351.1	MIR4329	miRNA
chrX	115622308	115649561	+	ENSG00000281638.1	AL589842.1	protein_coding
chrX	115703812	115703867	+	ENSG00000264759.1	AC005000.1	miRNA
chrX	120877496	120878924	-	ENSG00000278646.1	RP1-321E8.5	protein_coding
chrX	136879199	136879271	-	ENSG00000206979.1	SNORD61	snoRNA
chrX	140086058	140086145	+	ENSG00000280833.1	AL589987.1	miRNA
chrX	148501098	148991332	+	ENSG00000281817.1	AFF2	protein_coding
chrX	151956683	151956778	-	ENSG00000264120.1	AF274855.1	miRNA
chrX	151958578	151958658	-	ENSG00000207621.1	MIR224	miRNA
chrX	151959607	151959719	-	ENSG00000207753.2	MIR452	miRNA
chrX	154400281	154400415	+	ENSG00000207165.1	SNORA70	snoRNA
chrX	154768596	154768656	+	ENSG00000281135.1	MIR664B	miRNA
chrX	154774998	154775126	+	ENSG00000206693.1	SNORA56	snoRNA
chrX	156022631	156022698	+	ENSG00000276543.3	AJ271736.1	miRNA
chrY	5573928	5574019	+	ENSG00000252059.2	AC012667.1	miRNA
chrY	7378672	7378779	+	ENSG00000252155.1	RNU6-941P	snRNA
chrY	57209151	57209218	+	ENSGR0000276543.3	AJ271736.1	miRNA
